y1;y2;y3;y4;y5;y6
0;0;0.1;0;0.228231258447154;0.1
-0.836235035831164;0.349133334849787;0.5;0.933111424774071;0.311405774806899;0.2
0.0309153111188523;0.771249248852456;0.667408052377907;1.10847373914758;-0.404319564145692;-0.219923460848105
1.93548835221169;-0.555773879846734;2.05285825037409;3.1805351063869;0.0853192297129765;-0.943982499361514
2.87824330599422;-2.83795676392615;0.667440124148166;2.58715271203937;0.501261293214625;-1.99556004200739
2.60396131103093;-4.92937420542994;0.378946588962995;3.39738354763927;0.216149635096985;-1.99675680464777
0.81362750845186;-5.53700947092564;-0.282782510755987;4.19247409057062;-0.326086891508074;-2.37296269991763
0.400821326819786;-5.64898465030628;0.491932093949867;3.2754182848061;-0.534680233866427;-1.56324919861575
-0.981020206303114;-5.07219374893005;0.939036419412959;4.51728687648207;-0.0462585296144383;-1.9568376156077
-1.84129935700421;-5.22756791591339;-0.784044147513301;5.51662565555104;0.747499216901135;-3.26426569632921
-1.85287277459429;-6.12598891817766;-2.14123261743164;6.19183059776071;-0.171160877184857;-4.51690312196342
-1.74195133176462;-5.03285456676408;-1.42374441842784;4.55505550338244;-1.36962238723412;-3.02593299687212
-0.529309131714641;-3.86161487003837;-0.10402236002393;5.72411970762222;0.659932375944977;-3.3159250045678
-1.84044944522858;-1.80465148345285;0.88565206156241;5.87402346558943;-1.45017152203968;-0.460660165554689
-1.45954601139196;1.32867380253258;0.0993555435747385;6.4760153514095;0.860025476254964;2.19491542674314
-2.11972062005442;1.99384526274613;-1.44357605974645;7.20498102669001;-0.63444933044544;3.73171082176559
0.682014289464218;1.86551976700973;-0.0519984019381619;8.89080871562905;0.426940323552776;4.71349889032059
0.367441728929667;2.81072533650946;0.900344291696969;7.51123084601471;-0.0259384323420247;6.60838656852528
-0.921743089928;3.64499973287438;-0.849715498013377;8.68278822300161;2.55411997125255;5.80051372074549
-1.57067525432908;2.98757432442054;-0.507549830871635;8.68897006033587;-0.0843831204598608;4.6605304752654
-1.88796770476296;2.78192877467544;2.49359833859067;7.73522759569129;1.23546243102617;3.67116173027429
-2.49265237886065;3.20682886141425;3.54044970911557;6.11998808948619;1.01199533503975;3.90833776944464
-0.099882939201565;3.97794726412453;2.37472724176501;8.59280109503733;1.16996860844561;5.37344113893643
-1.31360115300264;5.69479747654196;-0.627247568016393;9.29904223291154;-0.179261032197434;5.3505598677587
1.07433971980389;6.46042587978017;-3.44134647575061;10.4834147744157;0.339960080842;6.89595220376937
2.60903670310146;8.0066593542123;-3.03862273865;10.1959159110488;0.703773497159422;6.84536541914123
2.28568998452473;9.09824884933095;-0.973470337443098;8.49944730379924;0.133292703253157;6.05957990645219
2.9562276981133;9.7697003313451;1.31561773913774;9.63632961475572;-0.290159386337143;6.88539442214546
4.05628151685957;9.64109340026182;3.29472518272415;9.06375176250771;-0.860266081355614;7.56183933824337
4.28492203773955;9.52152572671145;2.77568622980775;6.83074497567972;-0.391773687385357;9.02109235198718
4.49727134323328;8.74931259894421;0.448719655484237;7.8329071561099;-0.247448500084874;9.56938464352766
3.57960155417568;6.8701247697922;-3.07108186614848;9.62956737415833;0.320745506334125;9.89127486519224
2.43548613088194;7.07794051737162;-4.33066937797419;10.0806312140257;-1.00667146944261;9.35268914048009
1.40796065011008;9.22787119905917;-2.18011094402897;10.3192290271005;-0.120290400739018;9.31293347822537
2.21336517728189;11.3896652325866;0.825182946158866;8.84900886764978;0.979933626772264;7.68300084954689
3.89469881853558;11.7056658053099;0.325102521825711;9.4844627020255;1.28290696476405;7.33692500020798
2.26029833315032;11.7066559047986;0.130013483331803;10.4797739252916;0.769101091744755;6.7044653354112
1.07767524138732;11.7298275074016;-0.263806172009988;10.1021348431176;1.23803338698826;8.47448970727699
0.19876112930203;10.5270901595695;-2.06783537322426;11.72872228571;-0.16249351276388;8.51191965031299
0.500959374127436;10.3004059506055;-1.71430639784922;10.9275080795136;-0.207282644208648;11.7652874183087
2.22139206364432;7.99406903345126;-0.228558779637352;10.6933731229659;-0.840996059238538;14.0062771110112
2.39273943267986;6.12511799368714;0.324008942873049;8.59939695500772;-1.34199886613124;15.5384517580215
1.9684414295488;5.15713800570819;0.194047888853289;10.4616306131532;-0.573548745772457;17.7551887703639
0.711024940807309;4.63480014892729;-1.25407714604647;11.2209984003727;-0.290821130089647;18.6613709983655
-0.535087724977764;4.50233101808487;-1.89175370817864;11.5669044344111;-1.12207117880152;18.2750365837497
-1.15486905088078;5.4628505511142;-0.779777224094711;10.3287801929412;-0.769185250549125;18.139284275062
1.56627587191189;6.64513138038914;0.0311161874038216;11.8885041375454;-2.06096089087479;19.0784088973954
0.431331583067201;4.73773476453226;0.23212388259553;12.0395207318035;-1.67745711548802;18.060327100928
-0.715882594968238;4.14083376301841;-0.170578547766274;10.4477866425513;0.47086467354106;17.5751293860943
1.39682022635233;7.76688908847545;0.746412806242698;9.7423546783484;0.586551226165202;17.3652840857294
1.67437490927043;11.8203383793608;-0.0615682899628144;11.1120129085293;1.53825676640709;16.9285747235369
1.26338198395175;14.7439010210675;-1.01946846030393;12.6718722680838;0.403552982201367;18.0775479347286
1.74176283255331;15.1373729188242;-1.11416592661063;12.7204966641045;-0.0653153435352628;18.0425503328746
3.16552773205865;14.0107521725868;-0.757553709226017;12.5964851430221;0.674731530978298;18.8481708729202
1.90226076578746;13.156948940489;1.96403008558235;12.3402317117635;-0.616149997434352;21.3203028814738
3.04936407401021;11.3028591359477;3.6356835478434;11.8423023141695;-0.294331334006804;21.0525308325448
2.0195313082134;9.06844663755529;2.23190174898931;11.5657052904906;0.466893085555593;20.7565713581921
1.28771332374077;8.13358530355237;-0.7085050946441;12.7110705446;2.47075828715616;22.2220444021468
2.06864858722773;8.4167989275522;-0.995979255082114;14.1731083237372;-0.762785860144098;22.2462206695706
2.09779918649614;9.40985926661324;1.20840903800544;13.9495565239395;-0.463988571678896;23.5152278927263
1.62524080799799;12.0964645415664;2.82730845888408;13.4564849662165;0.371536748350735;25.666476857381
2.77821795948793;14.6366594634402;1.81642782206956;13.0966331454264;-0.0875247684425084;26.2099784921789
3.38525966094172;14.9239545221183;0.777413256548409;13.4584865558827;-0.519284280866141;25.4756827475371
1.13354324369755;12.7576336681262;-0.60722853988697;14.0415125207394;0.432440841439798;25.8330874276486
0.0749922612998124;10.6685126674273;-1.46390186094968;15.2720820646285;-0.010694280302791;25.9748683573036
0.264905225998985;10.7644967671178;-0.211820110943296;13.6958128686375;0.319935647334781;25.7951697583263
0.0518475644923321;11.4379826518844;0.129059624012559;13.6849999507776;-0.863186536313563;24.6020070583631
1.57793950949545;10.8544934042802;1.62691115553148;15.0130487376022;-2.27139546602595;22.874198611406
-0.0606701883150753;9.78868112176287;4.25128007276234;14.7830840457191;-0.771009368760917;21.2790208494968
1.04502128245914;9.36824577385906;3.19494145226687;14.8645009259127;1.03127609159226;20.438368183797
0.358943729262919;9.44533623243855;0.856166605592574;15.1982941256613;1.06427289137601;17.5703173642872
0.66267749032086;10.063900597416;0.130186561423392;14.6602201430826;-0.849541097078333;15.1682114674692
2.44328338122419;11.5019453819778;1.57569197897549;12.5384840472739;-0.557523495551193;14.080533391645
2.07198080023808;11.7926149301704;2.03877552552159;13.9310606562525;-1.0819542444923;13.0724192779597
3.41368725408193;13.9909514444516;0.835393744090867;13.1156438016137;-0.595300543482692;14.3181569718748
3.22411380760011;19.1633611666082;-3.2040703422547;14.5630913261013;1.302023214211;15.152329626253
2.95902350523782;22.6452913464501;-5.15885824084481;15.6766474875798;-0.38779660825759;14.5064507367027
2.25602524925091;23.3157608039783;-4.36807738161293;14.6326709535379;-0.142575922093058;14.7284311549755
1.95653723726936;24.1376726770313;-2.5402730263682;14.2205992120285;-0.489343502966855;16.3204497499928
0.980248616434152;25.3759589413668;-0.413165491859653;15.0966387141275;-0.368125172007148;18.1328769710043
1.48122898391812;26.727254918407;-0.180408208518782;14.7200770157466;-0.682881109711045;17.6733858644642
3.5602047177471;29.0355628640036;-0.162702509207886;15.4057524361397;-0.218947321762163;17.7834823118579
2.85215698567838;31.5246111601678;-0.580035737913157;16.7441686365506;0.507847892059543;17.3640969600742
2.36874847284286;31.7771924789039;-0.512887074915863;16.2368196779685;1.88080923580947;16.8923567671898
1.84849308135525;33.122775723889;0.758857550664875;16.7468527222024;2.60464782106671;15.0353739288852
2.39020320738189;35.3340694142229;1.11485875884593;15.7643335477844;0.707745211695403;14.4510771636143
1.58063152554329;36.4983938128684;0.0405276051718871;15.2133485467743;0.576357152779821;14.1448091953866
0.889205487875831;35.9690497178102;0.422715924001644;14.3017049058744;0.903290463096208;15.0848893683531
-0.66434636146566;35.0982712379267;0.681367909128715;15.7627150035276;0.0356056463113334;17.0580314242018
-1.64925728064626;34.8924778073341;-1.55778306067235;17.3308266964879;-0.428113532938371;18.2295378656994
0.205197412098491;33.353176420044;-2.5478429541043;16.298948266457;-0.456644939089003;19.433948952666
-0.230962740152937;32.4161303601588;-1.72610690527279;15.0157324694378;-0.546090865800893;21.015244923819
-1.61605030765819;34.2346669733557;-1.75400023861548;16.7306042397841;-0.732395063335731;21.1665108184675
-0.566732598983613;35.4190079794047;-1.85486789471127;17.5497520459617;0.48326805216279;20.1161153536885
-2.20516806824792;34.7277224975705;-2.1015040936568;17.738625693391;0.86351395395097;19.3791790717633
-3.93754181051025;33.1023940141752;-1.57261262422302;14.9644967040442;-0.188119635003612;18.539575363596
-2.85352571907949;29.21594163482;-1.99254764302547;15.42328447494;0.264964998986065;19.3867173789507
-2.07662330729634;25.7359126685799;-0.536379116775446;16.4533600464622;-0.272354693501508;18.9740665280165
-2.57296649183928;25.1089835922839;1.08152317125778;17.9474307904481;0.682622905934169;20.3626975189116
-3.80045655320428;27.540326483156;1.30383248875447;17.6580790123843;1.02106092886837;20.6549651062426
-2.97341653878402;30.6438085995001;1.26138413723593;15.5538644186421;0.20184124041513;20.4821385463442
-4.62174926219459;32.0766313287357;0.640241610468325;16.0000749844606;0.0256832590300341;21.0602736262926
-3.28461464423663;32.8063875313337;-1.62323154667773;15.6463921191377;0.0163250890736931;21.1044949990716
-3.3972333024271;35.6904757361919;-0.935750639451626;15.559581844113;0.437374611311997;21.3352822432837
-4.51132179934333;38.8182889888499;-0.748204728772783;16.5342137497346;0.748922528403586;20.2125934634689
-4.06381306621769;38.6221547450132;-1.98892656118899;17.3129836111647;1.33399376738993;20.0516871035131
-3.72024029305057;38.3261017903424;-1.22466338780655;16.2657422042156;-0.592157856319561;21.2490228340156
-3.87207909165516;38.5255018826867;2.07009452509201;16.3182930980605;-2.06027126869608;21.3799133798507
-4.33757060277217;38.8566170461108;1.19853826209337;16.6766781623174;-1.67837178455614;19.7338683166722
-1.2527009564043;38.7815559852546;-1.58158790934391;17.0445482892248;-0.390458166159063;18.5696131991738
-0.382192977351946;39.1574991343427;-4.1753479514353;18.4207257349734;0.159490061300887;16.9291502452674
-0.633752597419578;41.0224946107337;-3.4197567432815;17.3742694868564;0.182944980699424;18.1015079328527
-2.92037197423718;41.4337157009893;-1.72781768987884;17.6980652396622;1.7414871041944;19.1478040998402
-3.24059078286102;39.1351721848693;1.06733977847208;18.5166967577051;0.586674229581171;20.4549772357957
-4.10741523014646;37.4830853379073;1.93114789367715;17.2221150212916;0.190443863519445;23.0378377779857
-4.34953596031507;36.6118772594684;1.1022921699621;16.5229213624246;-1.28328279446652;24.1858256379037
-2.64724706815115;34.6488774687468;0.918404476337979;16.7422410373415;-0.502626640028409;23.0339499022257
-0.990325649119727;33.3801986388255;-1.38727946453225;17.6253725945033;1.54808372557694;23.2848728040848
-0.248646617073349;33.5189753895878;-3.22019747727899;17.8671926051113;-0.825077577925124;22.2176289091615
0.477226469491491;33.3867861468472;-2.54844556832871;17.7495493058493;-0.404858155958649;24.0902587633622
1.03959602971012;32.5892744544656;-0.329448263152752;17.2984680240665;-1.21495145847809;22.9807618106147
1.46237901650875;33.7325420944815;0.0512710317876547;18.5825103254707;-0.444751112167598;21.1908341347448
3.20091678785818;34.7940953648448;-1.2781824338374;18.9300531091901;-0.151728357997917;19.2405103629725
3.85926009424796;36.263574680863;-0.887075516455327;18.1568342963605;-0.504362009352452;18.6961823713942
3.20236349114548;38.0978505046227;0.41567000320661;18.1224918934174;0.65373507966768;18.0325816602621
1.22137405383753;38.5967194411384;-0.115126630867426;20.3625325324769;-1.16673576204933;17.8175071612486
-0.410405237028675;38.5900433762069;-0.261846538153641;18.1112468923387;0.613485326937389;17.3740650874614
-1.01688164809584;37.8456058836742;-1.22936086394899;18.8044660005808;0.344439443783121;16.5368183995817
-0.828779784694113;37.7581366866439;-0.592858318059153;17.7607918464144;1.20168513191854;16.5149423658906
-0.112647765575915;37.7926630359717;1.68287084412198;18.2627403033513;1.03922660568498;15.2109885792216
-1.27375322612031;35.0461454399905;1.66904288283126;19.5596253146905;-0.235407852356635;14.6209689663925
-1.69463975767937;31.7325023944656;1.38213775700421;19.8512908180072;-0.308036215541255;14.2006072167035
-1.04629867194379;30.966351331593;0.223917271274331;19.1788055665766;0.00210338440077588;14.8584077638342
-1.66500559864355;32.9004986123964;-1.63663433193481;19.9223868383563;0.666334157792663;15.8142440953225
-1.90246896207092;32.9005122436508;-2.42295805043788;18.497090551121;0.495894417703824;17.4868480205157
-1.05461740953077;32.2783861804524;-1.02081737834086;18.2258440878624;1.00205251174228;17.208975702101
0.200420539168768;33.2139323570292;1.52299924209307;19.7099520572674;0.813941404734782;17.9788349546359
-0.181256336647876;33.3024684000868;3.10431415912102;18.5562597561555;0.515877775764199;18.9791226797825
-1.15811661887622;32.3103344054751;3.64362097503793;18.6559712844906;0.650117376903167;20.1220263459649
0.264416169421045;31.8271394248297;1.69508766126795;18.4098839711486;-0.27634866338887;21.632438758157
0.063225898453915;31.5838668215898;-0.380377504806595;19.3420070154746;0.966424394750785;23.1620275555633
-0.256012531337321;30.2705907488152;-0.164376436026258;19.06706104165;2.47395757412862;22.7999785180789
-0.860433885726136;28.8566788971063;-0.935061916862054;21.2707346891957;1.40641749822735;22.7812455680301
-0.661870947256349;27.2125326933239;-0.923730180753651;21.4922600866693;-0.0850010583733475;22.9026441258773
-0.4454294283004;26.4888244854983;0.380186966050046;20.0121672877936;-1.08265060479227;23.6685586242955
-0.396586326853988;26.1819640633169;0.642338451343603;21.0312898744716;-0.499064220041978;22.5936228833993
-1.36723846351531;26.4963932968689;0.382997605789354;21.1478420282001;0.394651702580928;23.4027222909287
-2.05413529805796;26.7320894772578;-0.0369050977695697;19.8108165731283;-1.25659048053285;22.9666344562273
-1.5840025542488;27.2993792195979;-1.24368038394786;19.7141666503136;0.8091323379851;21.9469786440017
-0.877308894878682;28.2508706938275;-0.845516670461032;19.9521551310296;-0.646641174196898;20.6473763852318
-0.464214482054012;29.6957670863971;0.32021357461168;21.2868906299298;-1.2878142127165;20.0639425972439
-0.589635307978452;31.5860995256958;0.909656951537548;19.5299721327906;0.0978766439068248;19.5323708361619
-0.426399662399377;32.0650639806757;-0.457942251748566;20.5585039913259;0.901094183943579;20.1616724774863
2.0470348774084;32.0504652992716;0.878598534307445;20.5607632916206;0.295723486943319;20.9016558954107
1.65806601032547;34.1443493060202;1.39663192147311;21.1110245916955;-0.405005947491698;21.2940554678908
0.918541755057378;36.6997582923548;0.902186826901893;21.157515986357;-0.390764553909576;21.4814728194483
-0.142731780873114;40.2222523287357;0.949085259699257;20.0089867513436;-0.285496714240367;23.2299948410426
-2.4206300085293;43.8893542066956;1.38931405914397;21.0068770940438;-0.0410876022739643;24.0762492234398
-3.05276448453244;47.1572921761846;1.5741358063012;21.8003684001673;0.973507765959663;24.0702545202964
-1.85381153554931;50.7341400372494;0.800889280202742;22.4118276010513;1.52244092419;24.201481217417
-1.93514181432001;53.1829327997183;0.227328874881439;21.6181056136559;-0.169488047920267;24.6841087841399
-0.524457427029588;54.4372162666973;0.00773582305654832;21.7457471679265;-2.10381846273687;23.8381327983432
-0.0419002300845164;54.6520188453349;0.662270848375039;21.4933861429505;0.0307747889949929;22.8849252122552
0.251678945322165;53.183508036594;-0.229164708848743;22.5128672102843;1.89591626122552;20.7356164508981
-1.80373578629604;50.997926072415;-1.58840346318239;21.0612709316237;-0.445342081932764;18.6269033119666
-1.7136577845833;51.8443012724871;-0.633148541334113;20.7808928207374;-2.03112906110695;16.3369841893278
0.0515882612170993;55.0475843323538;1.76473394637018;21.0140706944046;-0.191902552363417;15.0750137166452
2.2390537884447;56.0964654614134;2.84113420983048;21.4546002137788;-2.40373669858066;13.4078514496193
0.784404877110033;56.35282024306;2.0242935981195;21.4330264451582;-0.596536574141811;12.5887027914014
1.92659966176349;56.7534035183365;-0.662181922968355;19.2645801255484;-0.328000511394027;12.572341370219
1.54689467526009;57.5059394944866;-3.33226455084613;21.3614028092525;-0.7006483787191;13.1465386214931
0.845508956249458;59.1033142524487;-2.3378295679144;23.3595607429619;0.898637751646955;13.6991184463223
-0.448125716533634;60.5999182245317;1.0056674347652;22.0280996317883;1.43074222102154;14.3584535210809
0.146560416475821;62.9202451654142;2.45069899671959;21.5658271524952;-0.0833020815643595;15.9270236112468
-0.676915988488412;65.848248567864;1.67790626971291;20.7068394867481;2.01112805309469;16.0567499405002
0.396465879900651;67.5227284695588;-0.447350649829138;23.0457441036968;1.81970841869348;16.5179177202217
1.25672634087963;67.5364166884265;-0.414199898969007;23.2363993768015;2.1747365468706;18.2322806512165
1.00329541857668;68.1694461365386;0.283529759181269;21.2268592296731;0.95633130969229;19.532838095199
0.709440930960763;68.7512304134465;0.761368443015943;22.1697600880406;0.501974589941813;21.4286718431065
0.684721472845509;69.0109816879779;1.45792253779221;23.9462834330617;-1.77761155600793;23.9821785662439
-0.166860442283072;67.8093489710006;1.3667664951693;24.3255754177505;-2.26077704951386;26.3300615647246
1.3880365112336;65.6245601987427;-0.348544504560896;22.8715350999632;0.171306937693768;27.4932279838382
1.89829181233573;64.6616686620635;-0.767745840647509;21.2922496716337;-1.35222392784534;29.2656841016595
1.42237900147999;63.5700079261536;0.0536953460713143;23.0959539212673;-0.676335146066813;28.2743345117464
1.52627151718001;62.1589157680463;-0.174837176413213;22.5784032566267;1.24210262452354;27.6158908734378
1.61801724593321;62.1544481716623;-1.39096616136739;21.02877772713;2.4462234901588;28.1134318830645
1.53702704821776;62.3401247227592;-0.644762558162457;22.6940993467788;2.54180560910336;29.4341296390333
1.1010669771741;61.2765845909905;-1.11214921790602;24.1618806026506;-0.164147129126769;28.956064366206
0.787040651429646;60.486210891564;2.12661783838372;23.2780957484108;-0.260199679585717;29.1562434796302
-1.07517247349968;61.9577118752435;4.78799613766553;22.1432050424452;-1.55239393060856;30.5840943743958
-1.1486454295078;64.7356736251071;4.08152470140237;23.849792058489;0.359274346969989;32.1988093453218
-2.837240364184;66.5077543314405;1.10260501989078;22.2421180317386;-0.173744303970273;33.0478222513107
-0.605695554681049;66.0585645552289;-2.23048342775474;22.4524646404783;-1.23515500993386;33.588989431955
0.394646836075996;63.7443957402093;-1.03342899005971;21.9951328550908;-3.16240183096885;35.3866208374704
0.446440945655326;61.279009880106;0.460973909222703;22.1038656459934;0.621691384258552;35.1022884216608
1.83530764146728;57.6138963873746;0.305558187751635;23.8597010677585;-0.101492915339202;35.5372111830638
0.362606991632153;54.0383661999359;-0.00480644340536596;22.7080837071518;0.251169080329909;34.4580863356581
-0.73926435380487;52.5326210297418;-0.191118572734997;23.4215822548148;0.560303473829305;34.5677651505992
0.0244655756181268;52.5282138147459;1.56245809592469;22.3406460599672;0.24035555598001;32.9211664837633
0.482437785285899;52.1650686738763;-0.251344596825316;22.4354104270718;-0.936675063581454;32.0189570319988
-0.0776265414035662;52.4006143636453;-2.28694125243026;22.688872311849;-1.50769669006874;29.9689408137814
1.24347195717335;53.6321156303016;-3.44217862893206;23.8418754647234;0.241261167483689;27.9992014802676
1.17465120387307;54.318329167821;-1.64436784741379;23.2566302839786;2.70906984000687;28.1368367141873
1.27285246981095;53.9228192407018;-1.20323035747943;22.8097788451953;3.58885228504488;27.8103810264416
3.06214341120325;50.7092936930964;-1.27137734236968;22.4857490553216;2.30363249940107;27.8619107024964
4.65811000960213;48.0966560078235;-0.304878382415391;23.5681723174633;0.468730533597327;26.4432831590728
4.29349957634119;47.4293707079072;1.066106741939;24.7396780429564;-1.89590285308944;26.4223390083616
3.62033144976872;46.4893678771186;-0.32534517535918;24.7056344107326;-3.62903902984834;26.8733535666979
4.17426727356177;43.6892998678749;-1.82834586786812;24.8206924963544;-2.13478709901707;25.949010288548
3.80445245874217;40.6961032499258;0.44283452121057;24.5268605416672;-2.09332709141018;27.2778786684072
3.11989606431033;39.8288838612243;2.25321206059009;24.4796354224451;0.358923861968186;27.5867709067591
4.27862149540922;40.8395439338821;2.16322951858414;24.5308747474865;-0.135799723697824;28.2032865759694
2.00613079228396;39.9414107231585;2.05920761199237;25.743051909241;-1.96074410184499;28.0717223671371
1.31915345493783;37.734337374176;0.68497454820943;24.0861699752313;-3.67925242011013;29.7360761821254
1.22369812459084;35.7511894248865;-0.240391032755696;25.8595986563282;-2.766803131555;27.1101714552033
1.87040842069791;34.9538441187516;-1.11120837749828;25.8697980309997;-0.611231916774992;26.4522386389803
2.90864491211492;36.4093997261781;-1.03602301794313;24.6859544899466;0.0750610061491828;27.1281859456212
3.9308904030748;37.9113963572647;0.215491604295616;25.1944065405706;-0.347984406044485;28.2686965875939
2.82600351577482;38.2955849697226;1.08195483627593;24.6761828771183;-0.89375812240389;29.7193880483672
2.56666984079459;39.2431468595027;0.443274509403658;24.7840694977097;-1.84409846639295;29.8878024872761
2.71837327924548;39.656183909046;-0.508808453556497;24.2311330775005;-1.51791826527862;29.6428485814577
2.39199790309052;40.4520205140582;-0.296743316276932;24.871726562374;-1.2583673733059;30.9050100743845
1.1167726824003;40.9117528288335;-1.32424764185896;24.7971265736026;-0.743464985388505;31.3040570873802
2.79381927724553;39.6513133279723;-2.24038748242261;25.2518803988653;-0.951852315651422;32.7993100188072
0.0121747367197655;37.3206111325091;-1.93352060783145;23.6451764222578;1.23157424290153;35.5874534265611
-0.837840761375827;36.1854284120907;-2.9427823745715;25.7452425132308;0.0837716091734133;38.0916772439714
-1.57790898198955;37.9274772796139;-0.307623597894627;24.4532245616293;0.724278478442126;38.4736910241115
-0.601253777823397;39.6385458898828;1.20615291525472;24.273844045737;-0.198300776195655;36.935981903003
0.3242832744409;40.604404517476;1.73848247110299;26.4013722747421;0.878230409149609;34.8157052507634
-0.238840362699683;42.3290266217401;1.89943822624618;26.1137063507964;0.599210132223034;34.0309278593794
0.166296984004854;42.3896747416246;2.40367547090423;25.880071584307;0.393177447369204;32.8995592395999
-0.568374464068676;42.5684948555018;0.918563570507756;25.9919190306077;0.772301832802135;32.3516854116282
0.827775704469111;42.7677882510118;0.216714992233107;25.1955430963764;1.2395039096513;32.3838338363561
0.218763698552425;41.0073313003901;1.34969651842878;24.9841056395631;0.230796058537908;31.0959949324652
0.269897534307345;39.3449800730272;1.91234393335168;26.2077751876812;1.74711358317694;30.8181439798183
0.112667730998741;39.1003335262821;0.551095138486593;25.7014431329543;2.42320251271619;31.1174493802728
-0.572225459374319;40.1449747899042;-1.72932666742955;26.3288325281757;0.68490262590272;31.4215298811868
0.994957133373628;40.6061095340789;-2.00266068987405;25.285101175856;1.94135676806957;30.9643342751007
0.165933174762631;39.6211231371146;0.598564067057997;26.486604230235;0.528418585910291;30.2384938653818
0.445438402733813;39.5849923525376;0.752574673802283;25.0515327069975;0.974500378486515;28.1496304242009
1.48213614114791;39.8265946962855;-0.721531877963116;25.4802063564177;1.04953475555526;25.6566227460164
1.48787690215044;41.1027990739457;-2.58049515157394;26.6154698625203;1.02378315346218;25.2327682163964
-0.219857796470019;42.1058353524489;-2.07992713754913;24.6596714917162;0.514439128561758;24.2746376822379
0.119208311736188;42.0420119041945;-2.0348520047829;24.3091161742466;0.403852648515837;23.7692265788771
0.386457427802751;40.0828995760108;-3.55753005210363;24.8875373560832;-0.719553081729308;23.6886870380507
-1.81403462006097;38.2975914785612;-4.01154155915783;26.4465781311439;-0.274385867598751;22.3002003748617
2.04749643468873;37.5628601107434;-3.06847673327224;26.5120955188177;0.0498571866453185;21.6028656604669
0.012217272298858;36.3978883474632;-0.0705902443642312;25.4170682951889;0.155527625387841;21.2501282065065
-1.62040691611568;34.5969005615661;2.15888699920252;27.5516002094476;0.322575294982362;18.9238389851153
-0.61242476545489;35.5921058791087;0.836939994298137;25.1091082437627;1.47092476128472;17.1549626797103
-1.59842814397231;37.3543642163738;0.80902801950055;26.861331199596;-1.4111465080311;17.0369704262416
-0.199158947220829;38.0378648107014;1.04318137609193;26.6649425191173;-0.42396311141321;17.9000194019765
0.734897057546498;37.328424249498;0.719879646649297;25.650084808598;0.27666159299957;19.0086023327582
-0.706464870953909;35.6687138691806;0.0851360651913655;24.8616308660934;0.077223071289052;18.6482671316859
-0.0461310043808407;35.3444047870814;-1.46501032065677;27.6629784170182;-0.161044084850519;18.3040229481314
0.334242897282141;34.5246163179309;-2.13729034296866;26.508410193369;0.578773134401751;18.1678404085464
2.18038230297586;33.7625261914094;-0.0739360036202196;25.134819858815;-0.901208233258222;18.7592933785803
1.40655146292732;35.2058830530571;1.6774722010932;24.5808161020547;1.63318579234753;19.3579396355016
-0.0470090570786746;36.1664288055937;2.54767265043701;25.5688672200898;1.8175338507612;19.4747727037753
-2.75773835119063;37.6048439373173;2.67222585744259;26.8787625746542;1.59455088995579;20.039511557538
-0.654241454516143;41.2010915017713;1.37504447554624;25.9022541834444;1.28561797566799;20.314461194776
0.28736342001208;44.0937483392277;0.218330502721142;26.9978599321372;0.86356134809837;19.5418896607114
-1.51823833891357;44.0499645187058;0.6505392303839;27.3738060383439;1.41551714084341;18.7743215398309
-0.143096601369149;43.4806368187774;2.23132642434438;28.1067815383549;1.60686475741502;15.500233264405
-0.92270749250453;43.0727567123357;0.207884991452871;27.0909620249084;0.822252655485811;17.193763937172
-0.713208108384572;43.877421248351;-2.58122335965405;28.7023551688165;-1.07750039648388;17.3087193640099
1.5325555653294;46.2337323918696;-2.21870339648382;25.9940318987455;-1.08404790233856;15.6111773655162
-0.168572606640281;47.3522523616265;0.288347874076442;25.9704702778223;-0.202855780716678;12.9131792441633
1.06325015291622;47.3965458090233;2.04958825164622;26.5748048787637;-0.201525893087698;12.2801981610633
0.63461556799255;47.8908503732731;1.29377378324484;25.7745086216488;-1.77755862806084;11.8609657484978
-0.0359643535430058;48.8043241914624;-0.197273415204703;27.0069265778851;-0.370172573326017;11.6673796981836
0.261592587729179;48.247103970964;-1.93126365723527;26.6737177409452;1.50038617943244;11.675700211988
0.888652471138615;47.7254102300472;-1.99659659761135;26.4385135921425;1.16795012497173;12.1356993917125
-0.860427259611883;48.490265129806;-0.655394216941655;28.6005105900213;1.39954203031572;11.8901090172288
-0.961068453794275;51.5534820910636;1.14397868329289;29.4611597212904;2.31394059806498;12.6871576107421
0.230602725725142;54.3628155593921;0.551323010756212;27.9891794640724;1.62085298232978;13.0759709049649
1.2713824370556;54.1783711039892;-1.74358153183039;26.8211784336069;0.574243444892629;13.1389466048269
-0.404106594356525;53.1873202248351;-3.3101347579677;29.4828960504133;1.27090046428155;11.9021498492826
0.196294105800676;52.654089301104;-1.36376644102313;28.5234876056443;1.81872132365787;12.4379341984559
0.164661715972898;52.6757006895743;2.35937266958451;27.4278383062641;0.672846508097247;12.9319426741744
1.39293896715829;54.3366728233966;2.02255924245098;27.5383411055175;1.15684117070797;12.6600192192512
-0.469864694268465;57.0778722526183;2.03046903318904;27.1572808218138;1.60083626535306;13.6813922098321
-0.556149668498927;58.5247691674999;1.28943546030625;27.7609709519587;0.968759718681874;13.2879654964975
2.67367145389807;57.7219163320585;0.671175240291004;27.7693689328681;2.59324116376231;12.983691179719
-1.94097167663226;56.9529294752945;-0.93548527648873;29.1671704954964;-0.0874035709980041;12.6303375262563
-0.218999593253225;55.9470207736891;-0.680003932409505;28.1604427444874;1.30796551079025;14.1771622720548
-1.10694285887564;55.3214669256922;-0.0659400976688272;29.5091074575923;1.10529803452803;15.4063917034008
0.0221559049054936;55.1955317499227;-0.15238038731287;28.626962733486;-0.230227139695793;15.3721447731124
0.123959707925016;52.9541538301711;0.84992712308893;28.8562029866884;0.79965235634692;17.1841173575885
-1.14830178317289;51.5122955424035;0.502032607610713;28.0574237847562;0.38201546587207;20.6605814971085
0.17868918445472;52.8101699464611;-0.63028014075963;26.1741038958798;-1.49262776040482;21.3127637743148
-0.507332282044514;53.8625090036818;-1.39663149673086;28.1380663574419;-1.03458472938045;21.3699141263591
1.61330606798123;53.03417136947;0.11551826525115;27.9636685808195;-1.50360125476898;19.5804925086116
0.362564544524249;51.266543100862;0.584036600321557;27.48904120024;-0.967132511645217;20.2414920793008
0.933303591574288;51.8071296719924;1.86579397995253;27.2027560618621;-0.558229837490396;21.7942684888863
1.41517231824633;51.6343765267527;1.03281881887519;28.5374261701593;0.0534163987134049;21.4618068781035
-0.119803156669663;50.8047181259957;-0.0945811288998363;28.4138795121394;-0.169450618866404;20.7767923447598
-0.925305822330144;50.767832108441;-0.21583562767429;30.7085434521853;0.267700694257243;20.3966049820631
-0.331325825181269;50.7943593437511;0.84273313798043;29.9169969218141;0.800903983480931;21.5544373805984
-0.514448261139076;50.6887961997774;1.05779023399947;28.7265685594018;-0.4200594277967;23.1293881657325
-1.11885580468589;49.0837277672319;0.108130770653155;27.5475727202668;1.50932873238614;24.1538106367307
0.145060568748433;47.5023923620254;0.294483789374882;28.4245067274944;-0.0416894538014591;27.4652253719451
1.00553015834084;48.1192578851892;1.39080416972326;28.084122172921;-1.37072442636883;28.0724982533157
-1.31178638377897;47.999645130775;0.157174114576819;30.3190690576106;-0.13703105766538;29.9489841045707
-0.581389509308741;46.93156949691;-1.49564743709241;29.5401273332693;-0.00659623466891581;32.9147026008056
0.861874472861154;46.4756642195361;-2.15693197086191;29.0768059594215;-0.00111280207291911;35.0666613870479
1.48640518529761;47.5679378699392;-1.11538439707433;28.8648653191966;1.3672919479346;36.2542033346879
-1.28336624252229;48.7932397806026;0.0408455377153617;27.5375114404349;0.934622879385508;37.0153310607014
-2.80498418154993;50.1570538030556;0.772835327247381;28.2537005227509;0.803850666594286;38.3833946662397
0.853220112252518;52.1436037502843;1.13082317587489;30.4104603301597;-0.00988653087548708;36.9549731375741
-0.861813241009591;54.632384928813;-0.198217783626083;29.4136808908323;-0.151119079254416;36.6714970459648
0.779697614827891;57.0073985432724;-0.127535037854412;30.470104555581;-0.760892279621187;36.4721908946708
-1.05447871759225;57.4924208687334;-1.38856283438378;31.4184327435358;0.281273643877323;34.5391516713408
-0.580149461175995;57.4202726224405;-1.31888346890001;31.2418161048048;1.21088388300331;34.5462053101076
0.652931828377097;57.520070666419;-1.26260838006292;30.0559525351904;0.526273487515365;33.1114299238384
-0.930842939588379;58.1392359033931;0.237474629103176;30.4858425542865;-0.930517455888623;34.7598308479138
-0.403938530004171;60.0632741726642;0.71062589042933;30.8951997402576;-1.00780099602269;34.5546658336229
0.646085921870943;60.4955353856485;1.07943104055181;30.943379615891;0.169094624479617;34.3927891446653
-1.06698018198661;59.013814620015;0.420732144135618;28.5043647360276;0.710973834047024;34.3844054594943
-0.12147655695775;58.5983095416191;0.587798921135014;28.7114705098236;0.702717437345149;33.8741742403839
0.139217063753253;57.7444160935388;0.709975711673454;29.8923956828908;0.905097792241205;33.1563425096881
-0.1735529204735;56.1137666978486;1.21801321534433;30.6257667908925;-0.256070488502504;31.737654655075
1.04709860510774;54.3338936404623;1.81816910662172;30.359838749354;-0.813483207730384;31.1272941004357
-0.292113392232766;52.6367463396641;-0.757683738491584;29.3495250417487;-0.491674140399094;28.7753707235054
-1.90713477138868;52.4262778863711;-2.37934825101485;29.2034956669165;1.58103461687724;27.4229995231184
-1.78626484962082;51.6018718263959;-0.539927368518741;28.4022164643972;1.02245731381548;25.4926168462733
-0.608264210758444;49.1250365044249;0.413939328247467;28.4905366923312;0.880984141531681;25.3428654189031
-0.0330244445487902;46.0260736653908;0.765101420248024;27.8489041958385;-0.693099100406734;23.5081749358751
1.7139766579527;43.2180202117628;-0.384711125891223;29.4163531159882;-1.07828656359173;22.9457163291764
-0.451513315686175;40.6896078198786;-1.89188019105937;30.5772853672322;0.508979131634194;22.5738990432539
-0.905804455394449;38.9759611938057;-0.142076661554153;30.3610748712124;-0.618059213162142;23.0431379220451
-1.26806991917242;37.83296927666;1.45333879999341;30.3468126022012;-0.177885165143992;22.7262852151017
0.108999618101661;37.3467104350228;0.470694914563866;30.6582307038685;0.341927741071672;23.78533572136
0.186402564131553;37.8229522749983;-2.29895282468346;32.5228988726063;0.830048272665928;24.9379896668244
0.804632142617741;39.7077946378779;-2.79001314830844;31.9559545100862;0.287965469731692;26.3350605890378
0.209207069329322;39.9574626860648;-1.8732709293883;32.1931261596013;0.519985924136022;29.3753527270962
1.47104719447963;39.8096460085423;1.29696399499914;30.373159910292;0.624892798892617;31.3058006511525
2.34410432445046;42.0311457473263;1.34358192876595;30.6565461929066;0.0690101462232059;32.3048173481964
0.964584518208015;45.269672584504;0.0441751238113023;30.6207446650702;-0.223853332999489;32.2727713841576
-2.95337710778254;46.9669971783613;-0.584972684217081;29.6725319664247;-1.28764364375973;34.3782081749516
-0.28879836993783;47.0196483883005;-0.0926807707241481;31.3156110119821;-1.74284684679964;36.096266716011
-1.30729239562278;47.069163583709;0.185770424726154;31.24611709187;1.36048039632385;38.1289976243926
1.73338850702565;46.6449526609521;0.22211451139182;31.747305063006;-0.965745774513575;39.2253446474656
-0.205647866848952;46.9351534816652;-0.716860148555637;30.8930958336644;0.908651088258641;38.6261426494498
-1.38027367094426;47.7243322927613;0.65284924803851;31.8660234242485;2.26110826643782;37.9888100363221
-1.37025582889958;50.250335801041;1.72108763352227;30.920316560277;1.54112025085314;38.4136462439677
-1.17109227537923;52.1735074069048;1.84563937423178;31.3166397002713;1.36730050307637;38.2257293750088
0.661811067511905;50.7815099738043;0.332660775349997;32.2293523379913;1.15514933095526;37.0150716566242
0.350616872328932;48.6065535271266;0.368675774400898;32.7797420293353;0.457462067808024;36.4492803191049
0.697092517563053;48.00799275104;-1.26594585198408;30.3498541523076;1.06731974942086;36.7917640285224
-1.19470957781727;47.4295770566602;-0.0828505564978353;30.3670630357827;0.0994368347669506;36.718877492582
-0.111354325753162;48.0564487631997;2.32388151150749;30.0575883572303;0.100000803489387;37.9382943961683
1.11557412370621;49.510905017391;1.7462441262416;30.9529489757204;0.849462602362846;38.5341874702366
-0.619429360284545;50.0981908137575;1.87278998680523;30.3673934432423;0.91037006544028;38.7194845247577
-1.90110965365908;50.4961065166338;0.765531380981331;30.3376958847806;0.399092855885274;37.8910999718988
-0.346457764210395;52.8070909958754;0.0255983874742891;30.708493590505;-0.00778146693291576;35.4356525214565
-0.374221771299865;54.3891887534458;0.256192248216965;33.1066470082341;-0.242376627707331;34.6708777464318
-0.448141224456392;55.0294802285413;0.928514600415108;33.6851029827285;-0.237201856278519;33.0749955563899
0.093186249128832;56.0671876537998;0.831745182145396;30.5343399758596;-0.414828186934005;33.2865920785959
0.350181036003249;56.6070809465653;-0.674244249205839;31.8278436349411;0.938540085269666;34.612283718307
2.93371949805674;57.5692858816621;-1.47529555616581;33.091538762937;1.35441513540056;36.9889931020157
-1.74060640102246;57.5778961233514;-1.53491184028015;31.7509359858003;-1.37588257508191;38.4878361499818
-0.739671951593724;56.8085101644364;-1.80921780785725;29.9498105014773;-1.4692069068085;41.5129479969099
-0.597143898754013;57.0413189178756;-1.75465398701497;31.9802579356534;0.464481413002391;43.5648759699113
0.0333498924996969;56.8653623422693;-0.860517883957508;32.5688313368556;0.94314451340358;45.6701885521605
0.503706560750544;56.8009694152258;0.447503795371116;32.1329147155061;0.0869738984560551;46.0472325490374
-1.25399313582215;55.9139563363163;1.12558177624936;33.3327952068741;-1.13843322891929;47.868873292733
-0.192338720458514;54.6496221136267;-0.22711354965324;31.6060520463829;-0.716394322746994;48.0669688438929
-0.604554221841659;54.5352660462135;-0.987996192086824;30.9086189213613;0.927099023925694;48.764598243763
1.29159577566832;54.7686404586685;-1.45148786784845;32.2479431290761;-0.0833270879754056;49.2023592642171
1.82722119814156;54.4616674840493;-1.67445903731251;33.2032016985654;-0.699366606919786;51.9152027681195
0.891031786602575;54.3256650000385;-0.0882185450234992;32.394431902344;-1.14116983026807;51.7032801153249
2.94273088896144;54.5005340554074;0.933038236724645;33.4383047561741;1.05770368336956;51.9753484345776
1.56391165993449;55.3592260295844;1.02925511652661;32.1883215347738;-0.0189825719419577;52.5770589735425
1.03263039520693;56.0564827952598;1.12564951082433;34.0007486172097;-0.953176056561938;55.2626777426422
-0.260975111751281;56.0869360328475;-0.0486089860421331;33.0996911147369;1.42394909896106;56.8597620078249
-0.310738401834335;54.2653689545138;0.346508084915654;31.0597805565593;0.434512874580817;58.5960130326302
0.750704256258536;52.019896586782;1.83560370565392;32.780503316599;-2.63158076746366;59.6429247495016
-0.374588280563495;49.0405696195517;2.17581239994334;33.0836603433943;-2.7964764301654;58.8395976766306
-1.07303750195923;46.5113893571861;2.11514959427414;32.2855526431132;-0.969045786818426;59.0152808212598
-1.99628735155508;46.220651466903;0.732860812530002;34.0592905450151;1.54562327463546;58.750673868728
-0.852420347282219;45.8388133994035;0.870982116556206;35.9827923812898;2.94504297550889;58.1016729628372
0.342542190268946;44.2141064700672;2.84228940261571;33.6773641006046;2.06197286628539;57.3290420341807
1.01223613392158;41.2171856445187;2.01217884979586;33.0876544289998;1.0748683112414;55.4233314413706
1.18337218826226;38.3995264383026;1.47110729403722;32.1510712088637;0.602363516403716;53.1138247162685
1.68788652528298;35.8447950756585;0.494301453459162;32.2762841719838;1.46452349525301;52.0211453835496
0.800671266403143;33.9367640817361;1.08474384555882;33.9060646930238;-0.351192473394657;49.915243363232
0.664753337911523;32.6585286427599;1.59205008381822;32.9972720072434;0.377014601405176;49.8405475916199
0.691777366646663;33.1992005341447;2.16099973837523;33.6324111895115;0.739733490850471;50.0841222189642
1.52233545704869;34.6938001275181;0.963769770294952;33.3690353716064;0.171144212713985;50.630834380985
2.25045470448952;36.2310638288134;0.583761107597454;31.9930983606195;0.300336673664625;52.325331598644
1.34400940049999;35.9115909289801;1.29460156583774;32.9106747371507;-0.217166128765955;54.6889853968445
3.05942979904805;35.4319212361574;2.05081911764755;34.6858925209301;0.428396049666772;55.0844834991535
-1.0197675811915;35.3315835712952;2.30526824535347;33.1846539021576;0.340301014329566;57.4719389590161
-0.130495222643033;34.7454286745614;2.17347924103049;32.6842451366992;0.801510422091687;58.1369710178022
-0.140591573929629;33.8882802464612;1.77982991451924;30.7435752952223;1.31097930757548;59.9243937351717
-0.551341785849108;34.2394269075718;0.406037763351787;30.4667115948905;0.233623761581075;60.1097501044067
-0.885612497748117;35.0670593296087;-0.811322082319092;32.7591645007832;1.75931417298238;61.9388988887772
-1.18904963141468;35.8423994770199;1.79911989313044;31.8909302316003;2.25613673262881;64.5266802547453
-0.317205050646867;35.2263896388448;4.32812979203394;32.7057619011202;0.54428207720882;67.4904637880248
0.631264891846006;33.6731124843553;4.37284265863826;31.6144517128261;0.385004445143211;70.7565863717865
-0.988114355319017;32.521614326418;1.77446541754245;31.9704402398749;0.918679241476464;73.0474169316023
0.554444217815981;32.9892284151795;-0.69100732548381;31.5408919454562;1.02825047512319;74.9424467310029
0.0697498094756184;34.6144425560518;-1.27864228266362;31.2896905785794;-1.04965396842277;78.2852596556154
-0.397109772758598;35.4654221245035;-1.30081108416898;31.9220450564729;-0.693117564405823;80.1542663729105
0.497221341237461;36.1388900074353;-1.20876953109635;31.7799601946234;-0.0699792481988511;82.2276528377139
0.123080696259979;36.5784012412033;0.271852858071852;33.6962529380655;-0.622517179716954;83.3804641739611
-1.2268857933214;37.7515420561263;2.17054876578448;34.6532183869672;0.317605305006075;85.5849789006681
0.726068182295376;40.2112510689408;1.36617837406861;34.4971301495826;-0.0269131495959022;87.0317329111433
-0.490706452570366;41.7064541228759;-1.2255751053052;32.9801294765999;0.627516413857973;88.4050072171107
-1.60205171298519;41.6842086227992;-2.72825759869677;32.9679753181674;1.31609877975661;89.6657041276825
-0.774447654997929;42.0679401389536;-0.645289098630454;32.2406671579948;-0.210566623100108;90.4594970462812
-0.234483200652257;42.0671862832551;2.8223690842382;33.8737361077919;-1.14866727718075;91.2802272467176
1.46173883777147;42.1409783403635;1.77806192511383;33.9285833098244;-2.07348641019501;92.4240648859334
-0.848015537082556;42.9963750452987;-1.04591409873649;33.3739918882049;-0.196872511498728;92.9136373101657
1.13642098080994;41.964202032154;-0.673275488426564;32.6381696691939;-0.668784325063277;92.8074367442763
-0.524350927350603;39.4122687314822;1.02364623025576;34.4278479165811;0.327875288811257;95.0658099012784
-0.43819915567723;37.8284146004662;3.15665115213138;35.423845015944;-0.338082785997155;96.2096145040042
1.11089280044461;35.8593689744339;2.2701431937275;35.0971192556822;0.0733958672486107;97.3660071285535
1.26162862302097;32.0559900909611;-0.415575254553337;34.4315720489834;-1.27854493191737;99.0778175101772
0.154750479015995;29.6851742428186;-2.28509636655043;34.2318296895317;-0.819116075208052;100.062645484928
-1.55536213101057;30.6104417780628;-0.390727936866293;33.7308388190082;-1.46933704100459;101.639535344897
-2.37628771857637;32.1573288765997;0.529308416506951;34.6384519894385;-3.29934230253676;102.838139092456
-0.297304277824556;33.0223327107967;0.777590778508071;34.3417340816445;-0.691142523292053;105.23739544916
-0.470148021967535;32.0169381091222;0.598141292557953;35.6671701082449;-2.40911017414992;106.200814679459
-0.704294126396502;31.4758618940581;0.0487439187659116;33.9525806945508;-0.640550285276693;105.839660303319
-0.0253175807122941;32.9043062836232;0.183340572630526;35.7096388953321;1.73495471912821;106.318486390745
-1.62509807361813;36.5148376639598;-0.398998665536997;35.0868588844728;-2.37172411974707;107.58143216746
0.620309614153057;39.9103543475444;-1.91453846330141;36.1977005446129;-0.606192049578603;108.258223192621
1.03281923631857;42.9489138299591;-1.73297747374926;36.5417993925784;-0.0294606525769846;108.459471562804
0.106262317622952;44.8651299307144;-2.67953149834868;36.6582272266786;-0.252789297104161;110.631490643139
-0.752451821823488;43.0264594034767;-1.46065805057332;34.4729153367553;1.24892004931309;112.975353370663
1.67942538237636;41.4432312161589;1.04390006424312;33.8255092834506;-1.29860351300181;114.857591759522
0.0364536884058201;40.8228680719938;1.05726767285827;34.2897985426532;-1.07125880320285;115.652017819646
-1.15876116872162;39.1904876445106;-1.61709214107184;33.4297504011957;-0.866400022665433;114.611697508688
-0.918619764121623;37.515143721462;-1.85985773319105;32.6620523177918;0.108973639459168;115.563676286373
-0.527175288169319;34.2281827171661;-2.14073317377083;33.2101810749066;0.226575543918377;115.481331550573
-1.04027460562276;32.941827608932;-0.934357554720623;32.5267891641052;0.93455710983278;114.561990042228
-0.0685279735907398;33.4461245005063;1.83489023468878;36.253940213134;-1.30221456519474;113.675084101178
0.152412504959979;33.6725108996063;2.16213610174217;33.0880551742827;-2.05377023816111;112.544359160201
1.79896969385553;33.6904400171453;-0.153905518843933;35.2616367354795;-0.830255410217398;111.181789595415
-0.819046443082545;32.7342384071869;-2.09376055797088;34.3928396435109;-0.189163705152553;109.263348967044
-0.480859095013014;31.6119079523075;-0.211784223279765;36.4022527587847;-1.86614347613457;109.022084675336
-0.620420634261904;31.4577007996172;0.790062449267175;35.2914388862113;0.27754457302173;109.414559789477
1.45112273696999;31.2871145017846;-1.23358528375297;35.919999938276;-0.00057044651195326;111.339121563689
0.926950439530638;30.1941790954618;-2.45294903111304;34.2410013564543;-0.626598074257531;110.79586960066
-0.611681318507983;28.4753422927414;-1.20569637382192;33.8230618062901;-0.305365315530314;111.167290311049
1.39325145522761;26.331627402635;0.740456082610466;35.5242866255796;-0.542387300888034;110.525405868531
-0.712654310763317;24.6312588390192;0.907003731106822;36.0284331135719;0.0989792740036196;111.171255385057
-0.38143120012574;23.7381714900445;-0.114382277868683;35.2327873678084;0.948771344452208;112.703993282413
-0.345367019118939;23.2840549881464;-0.849205227606394;36.0423012624418;-0.476984177075821;113.674931759304
0.0226094253783;24.4672520693181;-2.61871420393916;34.5350842866053;-0.59603813578467;113.90929483707
-1.13114618205237;26.0036419339632;-1.16290754322311;33.932189769364;1.16271870782745;112.646721738695
-0.202401471162798;27.1536033805803;0.442288502757697;34.8651105037206;-0.0808103378494582;112.876806641002
-0.597353426255047;26.9942780095467;1.31583940113342;35.1339676943915;-0.38015760432104;112.170628029278
-0.403976239913114;26.505993316009;0.219517089333547;35.1318687023405;0.140228588722006;111.894342608753
-0.463689727341477;28.5593712543398;-0.102658273623728;33.6401272938818;0.349508081054525;113.37174749037
1.44635672547188;32.1998038971758;-1.81546635800238;34.5729268596139;-0.181449825504281;115.001984382048
1.2838849052941;35.2751132720475;-2.45499740014152;34.5482998791877;-0.480898030312417;114.715530884941
-0.0700671658941679;36.070422534131;-2.04636754749736;35.0874891678144;-0.263130697925704;115.923072669126
0.601479125212529;36.673498806967;0.999015928385028;35.9824830268008;-0.167746978118486;114.330512884123
0.0107441615927547;35.3701084967055;2.64526796592873;35.3206078264241;-0.189484994234447;112.646970977412
-0.223422456878293;34.3685838665247;2.01900607019466;36.1000644664276;-0.782298137866405;110.319796159029
0.619560673309113;35.7023747432752;-0.283640303936838;34.6274972428714;-0.346056142066432;109.416306359537
0.206337688847931;35.3300493632313;-3.30394222688325;35.4943943150684;0.342445412414689;108.023932922841
0.708211905497826;34.5503219124495;-2.4105620910585;36.1787230700636;-0.518468760345226;106.902182266578
-1.83183275563055;33.1802200874307;-2.18749893538207;34.5373255058098;-0.120266595668586;107.005319355213
-0.822628918475446;31.4349464440767;-1.61052330820651;35.5628289891413;-0.650890690541544;107.316645672681
1.42055922906242;29.8372447957679;0.213178484635579;36.4054372098948;-0.182765558260176;107.241496996225
0.082291650830818;27.4616420424488;0.734621717375032;34.890061427691;-0.291108329024148;107.303712121661
1.81972168675081;24.4099747876909;-0.626306477522276;35.5476799544827;-0.52453377203964;107.203100860413
0.734160284277084;21.5028868061922;-1.01459852809517;35.4186906470489;-0.271459071070939;108.614589448879
-0.582042710504361;22.2501391050498;1.19562199347997;34.9380828797137;-1.28959028903429;110.111712759616
-0.816080600529314;22.8211914108421;1.39314863423462;37.0213750889905;-0.95138869351804;110.822118755025
0.243144372981864;21.122058655111;0.9560762154279;36.0802718144762;-1.34971640625663;111.745294314948
0.119382646604743;19.5092953799442;0.964873931292865;34.8649428329357;-0.601298141256406;111.560068761653
-0.635339179170894;19.8654933400921;0.820788394558693;35.8572782736187;0.224756773062601;110.312213677399
-1.89939157979001;19.4000444660358;-0.00574657943492123;34.719727796087;0.625749086825984;111.094726811078
1.40714510104646;18.2831546414754;-0.676891373727717;36.2305380757081;0.768378070858194;110.367329775719
-0.770714540165595;17.585466671358;-1.17594728193158;34.3987625839116;-0.20659072360342;110.467996308768
-0.16576913834518;17.5510197865169;-1.51849504687054;36.4553327533891;1.0216600944874;110.096751384916
-1.61765369969719;17.7676080639582;-0.264199992234308;37.5022636666332;1.19195562185064;108.150171408355
-1.79446217581336;17.1655662677253;-0.14213050961112;38.7936153328532;0.3009459167056;107.51522497606
-0.136849616230237;17.267458666875;-0.84140075146478;38.8252426277633;-0.661676767374749;106.538481158546
-0.592096038180624;16.3029232272165;-0.121437117977179;36.5830287055667;0.188375315642114;106.224914767257
0.0611348135827991;13.7290184461186;1.20358489699992;35.8332817654379;0.984515013864721;104.95571389389
0.569194536141537;11.8174711530981;0.979869352336575;36.7301408882578;1.00591758532479;104.784294886159
0.0684793158571089;11.6715083414513;-0.0945442391662442;37.0163403844415;0.101001380847036;103.853746698367
0.0153825820471359;11.064737782425;-0.125546940777948;35.2345935065932;-0.950227971248838;103.897438573833
-0.72032585205989;10.0824138181219;-0.378900422984615;35.9078218146114;-0.950955763350153;103.066140034068
-1.14414658914727;9.18392037702374;-0.454258724992747;35.5900187358508;0.0101132916329076;103.505475997141
-0.481311572582476;8.34376183634413;-1.04618730794095;36.6572555350965;-0.90945544679379;103.273808847132
-0.49977160642293;6.62112022626548;-0.292400516840912;38.41248606093;-0.441949236724424;103.970021935722
-0.0202884572795077;3.6175499374458;0.170231504876505;38.150385736639;-0.387957742091743;105.10233454748
-1.24498257921273;1.68269513963872;-0.927079456765178;36.997687124074;-0.350568644061307;106.055375534733
-0.043365274648972;0.53472304356137;-0.641052428733923;36.7790856657884;-0.516109448046226;107.352188317251
0.241396801943662;-0.00737880364834564;0.770409311311146;37.4300279177643;0.627375420160111;108.522481667267
0.838076173883016;0.122861787309877;1.38497432554299;37.6442479494856;-0.290865617154769;109.323546949357
0.843938323507549;0.209546859592586;-0.625110747061079;37.4126515239445;-0.697969335634088;109.16133708457
0.849896911435101;-0.695749511506394;-1.41980742962542;37.3097274186229;-1.11370653046865;108.860557100528
1.02023856861035;-0.492770320518315;0.0831423301319243;37.4556292706322;-1.37141669441468;108.677213842448
-0.247068719397939;-0.287875501470002;2.61522602397227;35.8094957041214;0.400961932410099;108.636347580842
-0.138775515249992;0.279221263076695;2.61319187904986;37.0351493534396;-0.453151292811939;109.722978990963
0.309274295603415;0.876410730406545;-0.0354566603750179;35.1795652094668;0.245555164923562;110.011799777141
1.85403073932808;1.10585310236187;-0.279663415326546;36.5518668900921;1.09411559464619;109.818825267813
-0.304939231584899;1.14240057352264;0.237916975659174;36.8181764153971;0.229830314505405;109.767749263406
0.097068123651859;0.971387894745893;-0.445111505208;37.4343392832833;0.580699240934414;110.590706396368
1.17951969863181;1.98110367491903;-1.08790689877148;37.6614494166086;-1.72462160460773;111.87300483488
0.681292658329776;3.25079246618817;-2.3357459185604;38.5608121727296;1.83278187822212;113.632794508468
-0.218738507653723;5.68978390438745;-2.46563638203444;37.9421981246774;2.30225678202731;114.339236439821
-0.31199662956227;6.75795496080087;-0.99583213594544;37.8113888210911;3.38987195814347;116.553687210988
-0.685251444606633;6.13549811963199;0.796174334207077;38.5019594463077;2.33911137446416;118.351675139609
0.849791827842051;6.35657159391441;-0.450129176426199;36.1816480465823;2.41544542078348;119.862012165537
0.886187622360787;5.83859691789296;-0.551318162379955;37.4570844136084;0.874938912722259;121.557981061413
-1.2549282507258;5.75433407055003;-0.242350947531429;35.5766489188476;0.154078539054769;123.905688962278
-1.42602512063804;7.1620570636338;0.745801327525666;37.2652909445038;1.29001958020136;125.262075145092
0.798235071431931;6.89959301574439;-1.09273996310672;37.7891409035721;1.21476145400811;125.01717672497
-0.0511026976273308;5.79608255140444;-0.962805902512686;37.8457100300688;-0.239193322348966;125.054928006626
-0.819995674024081;5.2711869900043;-1.16669125290733;36.7381743483897;-0.583800771783413;127.231614597656
0.802884089529401;3.5296451922861;-2.65019786402307;35.8758255966014;-0.878298048716706;126.923914393876
-0.692371501310386;0.363515970359478;-3.60708520227941;38.2758197561691;0.0726148039235592;127.448324411612
-1.35559104315266;-0.648576428060723;-2.27866112123736;36.975194155206;0.537506284548388;128.290119948888
0.934327857393531;1.05569622163794;-1.91273138016821;37.791766098111;0.614467788003342;127.806446085031
-1.17158600244784;1.21241623030653;-0.991929136431152;38.6875456931492;-0.155341717501135;130.479891592663
0.00874503950577579;0.122391874559414;0.176690681230951;38.6174018193912;0.282249251145448;131.712066357737
1.21844197646102;0.0096478422551026;0.784281874956617;38.6576322055337;-0.434075799657387;132.827399087653
-2.15919704925017;0.420952033213394;-0.384508738173481;38.0012253747834;-1.3474736444638;133.903350504154
0.294553903452981;0.951551998993652;-2.0999433101085;38.5058071060481;-0.554301548945599;135.228346400644
-0.174898946511633;2.03315182241518;-0.101241098433161;37.8068587198904;1.17865709133026;135.205328025075
1.25078213921142;2.51158847097128;2.08000919675061;39.2387592515776;0.736695682802758;135.377491440587
2.73395811966876;2.93490437090651;0.0535732147792016;38.0269753449591;-0.870018150788658;134.730553610999
1.29732450554784;3.35693507394403;-2.5286556748232;36.0993291474718;-0.364200440986393;134.719310251626
2.7917034307354;3.41338239681525;-1.4645552747063;36.7636359773409;0.525930969729771;134.697805058662
2.50285519639612;2.33145433437742;-0.360484331373762;38.6351625922317;0.407523235160594;135.197210457715
0.220781738755898;3.12331786129671;-0.633267267173511;37.6556842344869;-0.043141327140587;133.53909904584
0.601429051601525;8.28302461807967;1.08019556795744;39.4167948484434;-0.661914808024998;133.800782135643
0.731625126600652;14.5894899923177;3.00896316110714;40.1858428118856;-1.38323330268082;132.61796665262
-0.623161081050392;18.3838017033426;1.06901595078707;40.1454085535996;-0.949523580893048;131.902923802154
-0.368051807531202;21.4797939141583;-1.02178544279269;38.5150043924473;1.40920388435807;131.879999586603
0.176157791210918;24.1444077227353;-0.625558701079538;38.860075563466;1.07478296435926;133.170173421714
-0.78938651503598;25.2232340394392;0.721899377183672;39.1094963168012;0.831725887752414;133.850123634663
0.135303912009558;25.3352020230807;2.39751244538314;37.7181909805881;-0.109672884981384;134.412404940564
-0.823489104947376;25.0123530856463;2.58246022166343;38.7527496747575;0.458506436159996;135.988568187581
-0.308824163203607;24.537561205221;1.53328849082607;38.835265592811;-0.652497275489051;137.616136067221
-2.01510186556046;25.2071011590861;-1.0299816140904;39.8002324057966;-0.812648193880714;138.230995163759
-3.78196615156131;26.2568842084034;-2.19361339894353;39.5946185565524;-1.19256955664324;137.073392393227
-0.772203295754958;26.8335118639696;-0.094827631537374;39.3694279410581;0.187266515804621;138.133833006326
-1.699543590955;28.365082194713;0.855731402740363;39.4298009664874;0.741062631921018;139.239429458719
-1.46455974167715;31.3103324748513;0.0788569592685956;40.9643266494633;1.00660074592615;141.14553583173
0.326250173513098;32.0247254151233;-0.983109604876919;42.0894137675166;0.577604067785018;141.053158740569
-0.571968678409846;29.3878809519002;-2.59519837458962;40.4986602108395;-0.513566279054392;142.214678675367
-0.843318076192925;27.2847854532737;-2.75074253408854;39.276443896475;-0.935275747884933;140.765761299272
-1.29162309724032;27.6907067908891;-1.48575793925395;40.9819695376628;0.131623637592963;138.808592712962
-0.449797558219161;28.3777242165107;1.62096996160907;41.2085572864883;-0.237202646645583;138.799376346591
0.545754694391048;28.2729570525303;1.85867463092743;41.0452244970694;0.0595949635342273;138.547539525921
0.319888898653203;26.9275145485907;0.223314343270627;39.9828326165558;-0.797255329592936;138.397905787581
-0.540235155044442;24.8041999042688;0.995862018806096;39.5572583054841;1.38962801529355;138.250608898175
1.23416850759623;22.2486766786978;1.59189231350275;38.1916490260854;0.761568844827497;139.274407113779
-0.54401255507042;19.5763283167008;0.396114894293435;37.5928836014769;1.16562453961943;140.443271062555
-0.0800419987691979;17.1082051092736;-0.196923760480782;38.0352789327294;0.140468758737671;140.131684221347
-0.520574792566529;17.1038954179432;-0.0367808040715193;39.6118866982708;-0.949733811566868;140.542680610115
-1.02327300631042;18.4880022159566;0.508418550614372;39.6393362028039;0.532906372605241;141.880431567597
-1.23793551853831;17.9106300289336;1.09093159881001;39.8060055233548;0.6006486106116;143.027173665218
-1.30964992110661;16.9878419819688;1.90217179428596;40.8446540146369;-0.700355713041193;143.975679661628
0.0564236532584088;14.8453254199937;1.17125898718979;39.71774647006;-1.2916642246201;145.147737107939
0.891593304790203;13.4511503277888;-0.806999135596992;39.3699170114929;0.82854723012034;146.066391535226
-1.2884447084266;12.5833453074214;-2.40989126369424;39.4458357130742;1.19518155967992;147.456771892484
0.111475396668545;11.0366189373032;-2.32944370152252;39.8072999636439;1.59910563710661;148.959139861203
-0.434004864068069;10.5582065113778;-3.20136454225206;39.2210810321126;0.258561556391179;150.067663839989
-0.173291487337467;10.8725936748724;-3.22692155365426;38.8604647106043;-1.07517599202276;151.212716747285
1.5876515516659;10.4158288687163;-0.297121451559832;38.7566810337499;-0.615984102434581;151.77607894064
-1.47679155921891;9.60422862699555;2.12566680752691;37.1420202821318;-1.28926487327055;151.32485771249
-0.794659785535696;8.1121258345718;1.25334315548567;38.2390087132599;-0.551931861467323;151.993125010597
0.7507930680036;8.99515654156001;0.331426312396171;39.8478720094108;-0.608586073252248;151.335147217777
-1.04376972564041;8.45657967909584;0.33519150863398;41.2267444039514;0.340831403471142;151.234719747827
-0.111875206359138;5.79219006118479;1.18703027102695;39.3570096392183;0.588854572733641;150.289495156198
0.111785963589036;4.68406181398932;0.319643653581994;39.6707895524727;-0.783234393300261;149.105196456751
2.20605451532884;2.57555333944109;0.12325600065578;39.9340002397999;-1.18615585649893;148.253483791528
0.521313531652492;1.25284146297832;-0.92083268552928;38.9692841381767;-0.205678536793226;146.318916322923
1.02209243003756;2.09236351494775;0.301125917401427;40.9697961193147;-0.108693221573015;145.340198768341
-0.608441970917175;4.7294449693022;1.29387358401184;39.3774496951344;0.0410067443469413;144.673761759914
1.35659367518715;6.79838586874261;1.42508681581399;37.8690158650099;-0.238889464127085;143.902243544451
1.0484075018328;8.63590862405343;0.153746963592367;40.2909296138384;-0.269071432626535;143.061669149863
-0.554578360556639;11.3867430351176;-2.06982189752783;40.662159507825;1.2710729093566;142.464607113082
0.028108328930503;13.0936730041868;-0.538055468067031;40.7235454457972;-0.136364632863274;142.255548489898
0.501627454840299;13.0156539591394;1.43883911022015;40.5635928352171;-0.700969576252349;142.078390537916
-0.501871482653055;11.7650527841332;0.247714502525702;41.4062470077055;0.751989150052739;141.866217752482
-0.111131336049091;11.8393478173341;-1.18624522999098;43.4583146555141;0.356116765516982;142.696124216806
-0.136242234840726;13.5775725197515;-1.59647800013634;41.3194393240748;-0.0762496228971182;143.129095432415
1.29180150328741;14.0310329333874;-1.6067417072941;40.6466304371008;-0.126149280245165;143.796133831349
0.490124805451858;13.732521198974;-2.38471404695356;41.5874834179521;-0.377031345684995;143.881155425157
-0.606918742588195;14.9347057811249;-2.07994201808091;40.5582742845049;0.0412343929190761;142.82058659258
-0.884203694937684;16.9819230970488;-1.69678812421836;40.2955647819266;0.619550811638262;142.49486736607
-1.12177345252448;16.7780580989554;0.178935630932844;38.8745393935709;-0.894904094289351;140.524107674447
-1.1526638957091;16.5899291381563;0.575548327154474;40.2663019434492;-0.477741605599178;140.374921592667
1.42049680794191;16.7930236556627;0.660358796111778;39.7993275539926;-0.535373506989781;139.599476807594
-0.0107444329944293;15.9456106417954;-0.138230712300428;40.5308151191046;0.813738865428946;138.851620778186
1.46851410014111;17.070835381013;1.0757679672274;39.8064520414582;0.516604667995848;139.913108736025
0.757772655721363;19.7016961829664;1.85884220276804;42.8746233087362;0.909778517799397;137.736195727081
0.564648333056451;20.3125115803954;-0.651461752639122;41.9469336498806;0.403836262120069;136.439535310284
